{
  "total_cell_count": 348,
  "healthy_cell_count": 115,
  "stressed_cell_count": 115,
  "mean_cell_area_microns": 49.474137931034484,
  "std_cell_area_microns": 39.70312262203786,
  "median_cell_area_microns": 36.25,
  "min_cell_area_microns": 9.25,
  "max_cell_area_microns": 293.5,
  "mean_chlorophyll_intensity": 0.12107972001574807,
  "std_chlorophyll_intensity": 0.045472788086585995,
  "median_chlorophyll_intensity": 0.11653883124834605,
  "mean_chlorophyll_density": 0.0036702261059020284,
  "total_biomass_estimate": 4802.6803810991405,
  "mean_biomass_per_cell": 13.800805692813622,
  "biomass_density": 0.27894989725847363,
  "mean_aspect_ratio": 1.8472405431138263,
  "mean_circularity": 2.1090795074526505,
  "mean_roundness": 1.8718343738356993,
  "cell_type_distribution": {
    "small_medium": 48,
    "large_high": 46,
    "medium_low": 42,
    "medium_high": 41,
    "small_low": 40,
    "medium_medium": 36,
    "large_medium": 34,
    "large_low": 33,
    "small_high": 28
  },
  "health_status_distribution": {
    "moderate": 118,
    "healthy": 115,
    "stressed": 115
  },
  "size_category_distribution": {
    "medium": 119,
    "small": 116,
    "large": 113
  },
  "chlorophyll_category_distribution": {
    "medium": 118,
    "high": 115,
    "low": 115
  },
  "high_chlorophyll_percentage": 0.0,
  "healthy_cell_percentage": 33.04597701149425,
  "mean_color_variation": 0.04117419405653371
}