{
  "analysis_info": {
    "timestamp": "20250527_001356",
    "processing_time": 7.239617,
    "quality_score": 1.0
  },
  "summary_statistics": {
    "total_cells": 20,
    "avg_area": 86.95,
    "chlorophyll_ratio": 50.0,
    "coverage_percent": 0.2146913580246914,
    "cell_density": 24.691358024691358,
    "total_biomass_estimate": 1.739,
    "morphological_statistics": {
      "mean_area": 86.95,
      "std_area": 42.53354713139909,
      "median_area": 70.0,
      "total_area": 1739.0,
      "mean_perimeter": 35.42802666341051,
      "mean_circularity": 0.8674227367122176,
      "mean_aspect_ratio": 1.6506847395985846
    },
    "spatial_analysis": {
      "image_coverage": 0.2146913580246914,
      "cell_density": 24.691358024691358
    },
    "quality_metrics": {
      "total_cells": 20,
      "high_quality_cells": "20",
      "outlier_cells": "0"
    }
  },
  "cell_count": 20
}