cell_id,area,area_pixels,area_microns_sq,perimeter,centroid_x,centroid_y,major_axis_length,minor_axis_length,eccentricity,solidity,extent,orientation,mean_intensity,aspect_ratio,circularity,roundness,mean_red,mean_green,mean_blue,chlorophyll_content,health_score,size_category,health_category
1,6993.0,6993.0,6993.0,393.4386001800126,1263.0143000143,1143.6974116974118,124.35887240390714,77.16596462736574,0.7841982744310626,0.8857504749841671,0.7326348873755893,-0.1277432300210068,1.0,1.611576722824889,0.5677007393471223,0.5757316380950448,0.6137033391935353,0.6202045182437339,0.5719282307517601,0.027388733271086263,0.5955732404625446,large,moderate
2,4214.0,4214.0,4214.0,329.94826817189073,1233.8172757475083,1412.8243948742288,95.4697370934957,65.44105072521575,0.7281066891999167,0.9389483065953654,0.5495565988523735,1.2423254922866391,1.0,1.458866201274495,0.48642141741776324,0.5886717526119573,0.694140912178825,0.6938338125948054,0.6467535851549921,0.02338656392789673,0.6276468818751728,medium,moderate
3,4024.0,4024.0,4024.0,295.46298679765215,996.3404572564613,1472.127485089463,85.71488159247448,62.10285768997316,0.6892450495694268,0.9095840867992767,0.6585924713584288,0.4187469961323891,1.0,1.380208331258668,0.5792441662777142,0.6973577497837963,0.5425028261801739,0.5417641211554204,0.4946867812731454,0.023169317428760716,0.6413288789028737,small,moderate
