{
  "analysis_info": {
    "timestamp": "20250527_014949",
    "processing_time": 127.625621,
    "quality_score": 1.0
  },
  "summary_statistics": {
    "total_cells": 15,
    "avg_area": 63.0,
    "chlorophyll_ratio": 50.0,
    "coverage_percent": 0.030040740966796875,
    "cell_density": 4.76837158203125,
    "total_biomass_estimate": 0.9450000000000001,
    "morphological_statistics": {
      "mean_area": 63.0,
      "std_area": 38.902809299953795,
      "median_area": 52.0,
      "total_area": 945.0,
      "mean_perimeter": 32.239261633280435,
      "mean_circularity": 0.7893949740536519,
      "mean_aspect_ratio": 1.8774510941624503
    },
    "spatial_analysis": {
      "image_coverage": 0.030040740966796875,
      "cell_density": 4.76837158203125
    },
    "quality_metrics": {
      "total_cells": 15,
      "high_quality_cells": "15",
      "outlier_cells": "0"
    }
  },
  "cell_count": 15
}