{
  "analysis_info": {
    "timestamp": "20250527_014017",
    "processing_time": 125.986923,
    "quality_score": 0.8
  },
  "summary_statistics": {
    "total_cells": 1,
    "avg_area": 556.0,
    "chlorophyll_ratio": 50.0,
    "coverage_percent": 0.017674763997395836,
    "cell_density": 0.3178914388020833,
    "total_biomass_estimate": 0.556,
    "morphological_statistics": {
      "mean_area": 556.0,
      "std_area": NaN,
      "median_area": 556.0,
      "total_area": 556.0,
      "mean_perimeter": 117.095454429505,
      "mean_circularity": 0.5095708578016394,
      "mean_aspect_ratio": 2.395823618376671
    },
    "spatial_analysis": {
      "image_coverage": 0.017674763997395836,
      "cell_density": 0.3178914388020833
    },
    "quality_metrics": {
      "total_cells": 1,
      "high_quality_cells": "1",
      "outlier_cells": "0"
    }
  },
  "cell_count": 1
}