cell_id,area,perimeter,centroid_x,centroid_y,major_axis_length,minor_axis_length,eccentricity,orientation,solidity,extent,mean_intensity,aspect_ratio,circularity,mean_red,mean_green,mean_blue,chlorophyll_content
1,6169.0,372.2325394193526,95.06224671745827,103.52958340087534,91.58043422732432,88.87730130009241,0.2411674851406066,1.050606517675826,0.9559894622656129,0.7616049382716049,0.5792542726281629,1.0304142101232427,0.5594946833907329,0.3700374103280476,0.7261481347280362,0.36997447706591147,0.35614219103105665
2,2227.0,280.3919189857867,973.8194881005837,187.22721149528513,84.50679174672965,42.5999362723332,0.863644859719155,0.17620628667817317,0.7789436866037076,0.5101947308132875,0.43634538683008006,1.9837304728968763,0.3559582764167066,0.004721026264120376,0.6965565211266366,0.004504433115859725,0.6919437914366465
