{
  "analysis_info": {
    "timestamp": "20250527_015455",
    "processing_time": 0.184948,
    "quality_score": 1.0
  },
  "summary_statistics": {
    "total_cells": 4,
    "avg_area": 174.25,
    "chlorophyll_ratio": 50.0,
    "coverage_percent": 2.701550387596899,
    "cell_density": 155.0387596899225,
    "total_biomass_estimate": 0.6970000000000001,
    "morphological_statistics": {
      "mean_area": 174.25,
      "std_area": 51.14929129518805,
      "median_area": 180.5,
      "total_area": 697.0,
      "mean_perimeter": 62.40128060534577,
      "mean_circularity": 0.5513023154703162,
      "mean_aspect_ratio": 2.353931712416472
    },
    "spatial_analysis": {
      "image_coverage": 2.701550387596899,
      "cell_density": 155.0387596899225
    },
    "quality_metrics": {
      "total_cells": 4,
      "high_quality_cells": "4",
      "outlier_cells": "0"
    }
  },
  "cell_count": 4
}