{
  "analysis_info": {
    "timestamp": "20250527_002547",
    "processing_time": 11.228437,
    "quality_score": 1.0
  },
  "summary_statistics": {
    "total_cells": 17,
    "avg_area": 65.88235294117646,
    "chlorophyll_ratio": 50.0,
    "coverage_percent": 0.14239508533534043,
    "cell_density": 21.613539738399886,
    "total_biomass_estimate": 1.12,
    "morphological_statistics": {
      "mean_area": 65.88235294117646,
      "std_area": 41.34592233966546,
      "median_area": 40.0,
      "total_area": 1120.0,
      "mean_perimeter": 30.887435246015578,
      "mean_circularity": 0.8526409282490576,
      "mean_aspect_ratio": 1.6803564283783803
    },
    "spatial_analysis": {
      "image_coverage": 0.14239508533534043,
      "cell_density": 21.613539738399886
    },
    "quality_metrics": {
      "total_cells": 17,
      "high_quality_cells": "17",
      "outlier_cells": "0"
    }
  },
  "cell_count": 17
}