{
  "analysis_info": {
    "timestamp": "20250526_023707",
    "image_path": "temp_uploads\\analysis_20250526_023707_996072_11756_2023_1413_Fig1_HTML.png",
    "processing_time": 192.496074,
    "quality_score": 0.8585010629958288
  },
  "summary_statistics": {
    "total_cells": 27,
    "morphological_statistics": {
      "mean_area_pixels": 262.1111111111111,
      "std_area_pixels": 162.53835839185146,
      "median_area_pixels": 232.0,
      "total_area_pixels": 7077.0,
      "mean_area_microns": 262.1111111111111,
      "mean_perimeter": 62.31194747135501,
      "mean_circularity": 0.7907509745705492,
      "mean_aspect_ratio": 1.5072431546293066
    },
    "biological_statistics": {
      "mean_chlorophyll": 0.1869501502675112,
      "std_chlorophyll": 0.018242909387843412,
      "mean_health_score": 0.1254682316357818
    },
    "size_distribution": {
      "small_cells": 9,
      "medium_cells": 10,
      "large_cells": 8
    },
    "health_distribution": {
      "excellent_cells": 0,
      "moderate_cells": 0,
      "poor_cells": 27
    },
    "coverage_percent": 27.430232558139533,
    "cell_density": 1046.5116279069769,
    "image_area_pixels": 25800,
    "avg_area": 262.1111111111111,
    "chlorophyll_ratio": 18.69501502675112,
    "total_biomass_estimate": 7.077
  },
  "cell_count": 27
}