cell_id,area,perimeter,centroid_x,centroid_y,major_axis_length,minor_axis_length,eccentricity,orientation,solidity,extent,mean_intensity,aspect_ratio,circularity,mean_red,mean_green,mean_blue,chlorophyll_content,is_outlier,quality_score
1,179.0,67.74011537017762,47.88268156424581,30.106145251396647,26.7578431397632,9.804657572403256,0.9304488433577055,-1.1640243453849701,0.7816593886462883,0.4475,0.5632599408478475,2.729095117792424,0.4901974311896951,0.5649687808084127,0.637002957607624,0.41851243290612333,0.14526235075035598,False,1.0
2,106.0,52.18376618407357,101.08490566037736,28.641509433962263,20.16739463681913,9.095451817177546,0.8925250307610303,-1.3914436564702521,0.6883116883116883,0.5353535353535354,0.5697743248242694,2.217305420337471,0.48915318995331747,0.7108768035516093,0.7715871254162042,0.5685534591194968,0.1318719940806511,False,1.0
3,182.0,62.426406871192846,66.76373626373626,36.35164835164835,25.518207903958487,9.511934820906756,0.9279314471922625,-1.0414550196960646,0.8708133971291866,0.4739583333333333,0.456604180133592,2.6827568058018203,0.5868736016384248,0.212755871579401,0.2318896789485025,0.16065503124326652,0.04518422753716872,False,1.0
4,230.0,67.25483399593904,43.73478260869565,93.41739130434783,24.795306685105132,13.878724890163214,0.8286737388371432,1.2517643252278376,0.8424908424908425,0.5111111111111111,0.5277749360613812,1.7865695057341713,0.6389850390998274,0.5825745950554134,0.681005967604433,0.3831202046035806,0.198158567774936,False,1.0
