cell_id,area,perimeter,centroid_x,centroid_y,major_axis_length,minor_axis_length,eccentricity,orientation,solidity,extent,mean_intensity,aspect_ratio,circularity,mean_red,mean_green,mean_blue,chlorophyll_content
1,556.0,117.095454429505,199.14388489208633,668.134892086331,42.809419357324124,17.868351828993198,0.9087260788460769,-0.5386682841431907,0.8462709284627092,0.45648604269293924,0.5925024686133445,2.395823618376671,0.5095708578016394,0.36221610946536886,0.3656580617858654,0.34030892932712653,0.01439554238961771
