{
  "analysis_info": {
    "timestamp": "20250527_013644",
    "processing_time": 55.131046,
    "quality_score": 1.0
  },
  "summary_statistics": {
    "total_cells": 55,
    "avg_area": 1673.0181818181818,
    "chlorophyll_ratio": 50.0,
    "coverage_percent": 5.006093314763231,
    "cell_density": 29.922527855153202,
    "total_biomass_estimate": 92.016,
    "morphological_statistics": {
      "mean_area": 1673.0181818181818,
      "std_area": 721.4914976247337,
      "median_area": 1493.0,
      "total_area": 92016.0,
      "mean_perimeter": 193.45856535959092,
      "mean_circularity": 0.5643907641234257,
      "mean_aspect_ratio": 1.4815673059713654
    },
    "spatial_analysis": {
      "image_coverage": 5.006093314763231,
      "cell_density": 29.922527855153202
    },
    "quality_metrics": {
      "total_cells": 55,
      "high_quality_cells": "55",
      "outlier_cells": "0"
    }
  },
  "cell_count": 55
}