cell_id,area_pixels,perimeter_pixels,centroid_x,centroid_y,major_axis_length,minor_axis_length,eccentricity,solidity,extent,circularity,aspect_ratio,mean_red,mean_green,mean_blue,chlorophyll_index,mean_hue,mean_saturation,mean_value,is_green_cell,area_microns_sq,perimeter_microns,major_axis_microns,minor_axis_microns,equivalent_diameter_microns,biomass_estimate_pg,health_score,size_category,source_image,image_index
1,703272.0,3443.491378028648,495.52531452979787,354.0276038289595,1145.4517563243644,818.6209142406314,0.699460977199383,0.9999203785431549,0.9999203785431549,0.7453069842164874,1.3992456537552644,156.6704063292723,157.05138125789168,146.8178627899305,0.5012158484089153,63.36880973028318,0.06918551400527094,0.6175636949885117,False,175818.0,1721.745689014324,572.7258781621822,409.3104571203157,473.1367986917175,88239.0711963022,0.5987844916368014,large,20250609_184323_2205-1.jpg,0
