{
  "success": true,
  "timestamp": "2025-06-09T22:08:37.961359",
  "processing_time": 3.628364,
  "cells_detected": 2,
  "total_cell_area": 846.0,
  "average_cell_area": 423.0,
  "cells_data": [
    {
      "id": 1,
      "center": [
        17,
        203
      ],
      "area": 795.5,
      "contour": [
        [
          [
            1,
            185
          ]
        ],
        [
          [
            1,
            214
          ]
        ],
        [
          [
            2,
            214
          ]
        ],
        [
          [
            3,
            215
          ]
        ],
        [
          [
            6,
            215
          ]
        ],
        [
          [
            7,
            216
          ]
        ],
        [
          [
            8,
            215
          ]
        ],
        [
          [
            9,
            216
          ]
        ],
        [
          [
            10,
            216
          ]
        ],
        [
          [
            11,
            217
          ]
        ],
        [
          [
            12,
            217
          ]
        ],
        [
          [
            14,
            215
          ]
        ],
        [
          [
            16,
            217
          ]
        ],
        [
          [
            17,
            217
          ]
        ],
        [
          [
            19,
            215
          ]
        ],
        [
          [
            21,
            215
          ]
        ],
        [
          [
            22,
            216
          ]
        ],
        [
          [
            27,
            216
          ]
        ],
        [
          [
            28,
            217
          ]
        ],
        [
          [
            31,
            217
          ]
        ],
        [
          [
            31,
            216
          ]
        ],
        [
          [
            30,
            215
          ]
        ],
        [
          [
            30,
            211
          ]
        ],
        [
          [
            32,
            209
          ]
        ],
        [
          [
            35,
            209
          ]
        ],
        [
          [
            36,
            208
          ]
        ],
        [
          [
            37,
            208
          ]
        ],
        [
          [
            38,
            207
          ]
        ],
        [
          [
            37,
            206
          ]
        ],
        [
          [
            37,
            205
          ]
        ],
        [
          [
            39,
            203
          ]
        ],
        [
          [
            38,
            202
          ]
        ],
        [
          [
            40,
            200
          ]
        ],
        [
          [
            45,
            200
          ]
        ],
        [
          [
            46,
            199
          ]
        ],
        [
          [
            43,
            199
          ]
        ],
        [
          [
            42,
            198
          ]
        ],
        [
          [
            40,
            198
          ]
        ],
        [
          [
            39,
            197
          ]
        ],
        [
          [
            36,
            197
          ]
        ],
        [
          [
            35,
            198
          ]
        ],
        [
          [
            31,
            198
          ]
        ],
        [
          [
            29,
            196
          ]
        ],
        [
          [
            24,
            196
          ]
        ],
        [
          [
            22,
            194
          ]
        ],
        [
          [
            22,
            193
          ]
        ],
        [
          [
            20,
            193
          ]
        ],
        [
          [
            19,
            194
          ]
        ],
        [
          [
            18,
            194
          ]
        ],
        [
          [
            17,
            193
          ]
        ],
        [
          [
            16,
            193
          ]
        ],
        [
          [
            14,
            191
          ]
        ],
        [
          [
            14,
            190
          ]
        ],
        [
          [
            4,
            190
          ]
        ],
        [
          [
            2,
            188
          ]
        ],
        [
          [
            5,
            185
          ]
        ],
        [
          [
            8,
            185
          ]
        ]
      ],
      "intensity": 169.14729574223244,
      "method": "watershed"
    },
    {
      "id": 2,
      "center": [
        843,
        1032
      ],
      "area": 50.5,
      "contour": [
        [
          [
            842,
            1024
          ]
        ],
        [
          [
            842,
            1025
          ]
        ],
        [
          [
            843,
            1026
          ]
        ],
        [
          [
            843,
            1027
          ]
        ],
        [
          [
            842,
            1028
          ]
        ],
        [
          [
            842,
            1029
          ]
        ],
        [
          [
            843,
            1030
          ]
        ],
        [
          [
            840,
            1033
          ]
        ],
        [
          [
            840,
            1039
          ]
        ],
        [
          [
            841,
            1039
          ]
        ],
        [
          [
            842,
            1038
          ]
        ],
        [
          [
            843,
            1038
          ]
        ],
        [
          [
            847,
            1034
          ]
        ],
        [
          [
            846,
            1033
          ]
        ],
        [
          [
            846,
            1032
          ]
        ],
        [
          [
            844,
            1030
          ]
        ],
        [
          [
            844,
            1029
          ]
        ],
        [
          [
            845,
            1028
          ]
        ],
        [
          [
            845,
            1026
          ]
        ],
        [
          [
            846,
            1025
          ]
        ],
        [
          [
            845,
            1025
          ]
        ],
        [
          [
            844,
            1026
          ]
        ]
      ],
      "intensity": 148.97101449275362,
      "method": "watershed"
    }
  ],
  "visualization": null,
  "image_info": {
    "filename": "a2f89898-f534-4820-9d2c-1f2d0a172851_2305-2.jfif",
    "dimensions": "1599x1597",
    "channels": 3,
    "file_size_mb": 0.1916828155517578
  },
  "cells": [
    {
      "id": 1,
      "center": [
        17,
        203
      ],
      "area": 795.5,